<?xml version="1.0" encoding="UTF-8"?>
<project-private xmlns="http://www.netbeans.org/ns/project-private/1">
    <editor-bookmarks xmlns="http://www.netbeans.org/ns/editor-bookmarks/2" lastBookmarkId="0"/>
    <open-files xmlns="http://www.netbeans.org/ns/projectui-open-files/2">
        <group>
            <file>file:/C:/Users/Adesuwa/Documents/NetBeansProjects/DatingWebApplication%20(1)/DatingWebApplication/DatingWebApplication/web/requestCanceled.xhtml</file>
            <file>file:/C:/Users/Adesuwa/Documents/NetBeansProjects/DatingWebApplication%20(1)/DatingWebApplication/DatingWebApplication/web/top3Views.xhtml</file>
            <file>file:/C:/Users/Adesuwa/Documents/NetBeansProjects/DatingWebApplication%20(1)/DatingWebApplication/DatingWebApplication/web/requestSent.xhtml</file>
            <file>file:/C:/Users/Adesuwa/Documents/NetBeansProjects/DatingWebApplication%20(1)/DatingWebApplication/DatingWebApplication/web/register.xhtml</file>
            <file>file:/C:/Users/Adesuwa/Documents/NetBeansProjects/DatingWebApplication%20(1)/DatingWebApplication/DatingWebApplication/web/female.xhtml</file>
            <file>file:/C:/Users/Adesuwa/Documents/NetBeansProjects/DatingWebApplication%20(1)/DatingWebApplication/DatingWebApplication/web/male.xhtml</file>
        </group>
    </open-files>
</project-private>
